{
	"partitions" : [
		{
			"name" : "Top",
			"pins" : [
				{
					"name" : "lcd_de",
					"strict" : false
				},
				{
					"name" : "lcd_rgb[0]",
					"strict" : false
				},
				{
					"name" : "lcd_rgb[1]",
					"strict" : false
				},
				{
					"name" : "lcd_rgb[2]",
					"strict" : false
				},
				{
					"name" : "lcd_rgb[3]",
					"strict" : false
				},
				{
					"name" : "lcd_rgb[4]",
					"strict" : false
				},
				{
					"name" : "lcd_rgb[11]",
					"strict" : false
				},
				{
					"name" : "lcd_rgb[12]",
					"strict" : false
				},
				{
					"name" : "lcd_rgb[13]",
					"strict" : false
				},
				{
					"name" : "lcd_rgb[14]",
					"strict" : false
				},
				{
					"name" : "lcd_rgb[15]",
					"strict" : false
				},
				{
					"name" : "sys_rst_n",
					"strict" : false
				},
				{
					"name" : "switch",
					"strict" : false
				},
				{
					"name" : "sys_clk",
					"strict" : false
				},
				{
					"name" : "k[5]",
					"strict" : false
				},
				{
					"name" : "key2",
					"strict" : false
				},
				{
					"name" : "k[4]",
					"strict" : false
				},
				{
					"name" : "k[3]",
					"strict" : false
				},
				{
					"name" : "k[2]",
					"strict" : false
				},
				{
					"name" : "k[1]",
					"strict" : false
				},
				{
					"name" : "k[0]",
					"strict" : false
				},
				{
					"name" : "key1",
					"strict" : false
				},
				{
					"name" : "key3",
					"strict" : false
				},
				{
					"name" : "key5",
					"strict" : false
				},
				{
					"name" : "key4",
					"strict" : false
				},
				{
					"name" : "key6",
					"strict" : false
				}
			]
		}
	]
}