{
	"partitions" : [
		{
			"name" : "Top",
			"pins" : [
				{
					"name" : "Sum[0]",
					"strict" : false
				},
				{
					"name" : "Sum[1]",
					"strict" : false
				},
				{
					"name" : "Sum[2]",
					"strict" : false
				},
				{
					"name" : "Sum[3]",
					"strict" : false
				},
				{
					"name" : "Sum[4]",
					"strict" : false
				},
				{
					"name" : "Sum[5]",
					"strict" : false
				},
				{
					"name" : "Sum[6]",
					"strict" : false
				},
				{
					"name" : "Sum[7]",
					"strict" : false
				},
				{
					"name" : "A[0]",
					"strict" : false
				},
				{
					"name" : "B[0]",
					"strict" : false
				},
				{
					"name" : "A[1]",
					"strict" : false
				},
				{
					"name" : "B[1]",
					"strict" : false
				},
				{
					"name" : "A[2]",
					"strict" : false
				},
				{
					"name" : "B[2]",
					"strict" : false
				},
				{
					"name" : "B[3]",
					"strict" : false
				},
				{
					"name" : "A[3]",
					"strict" : false
				},
				{
					"name" : "A[4]",
					"strict" : false
				},
				{
					"name" : "B[4]",
					"strict" : false
				},
				{
					"name" : "A[5]",
					"strict" : false
				},
				{
					"name" : "B[5]",
					"strict" : false
				},
				{
					"name" : "A[6]",
					"strict" : false
				},
				{
					"name" : "B[6]",
					"strict" : false
				},
				{
					"name" : "A[7]",
					"strict" : false
				},
				{
					"name" : "B[7]",
					"strict" : false
				}
			]
		}
	]
}