{
	"partitions" : [
		{
			"name" : "Top",
			"pins" : [
				{
					"name" : "DIG[0]",
					"strict" : false
				},
				{
					"name" : "DIG[1]",
					"strict" : false
				},
				{
					"name" : "DIG[2]",
					"strict" : false
				},
				{
					"name" : "DIG[3]",
					"strict" : false
				},
				{
					"name" : "DIG[4]",
					"strict" : false
				},
				{
					"name" : "DIG[5]",
					"strict" : false
				},
				{
					"name" : "DIG[6]",
					"strict" : false
				},
				{
					"name" : "DIG[7]",
					"strict" : false
				},
				{
					"name" : "SW[0]",
					"strict" : false
				},
				{
					"name" : "KEY[1]",
					"strict" : false
				},
				{
					"name" : "KEY[0]",
					"strict" : false
				},
				{
					"name" : "KEY[2]",
					"strict" : false
				},
				{
					"name" : "SW[1]",
					"strict" : false
				},
				{
					"name" : "SW[2]",
					"strict" : false
				},
				{
					"name" : "SW[3]",
					"strict" : false
				},
				{
					"name" : "CLK_50",
					"strict" : false
				}
			]
		}
	]
}