{
	"system" : {
		"platform" : "windows64",
		"os_name" : "Windows 10",
		"os_version" : "10.0"
	},
	"error" : {
		"executable" : "quartus",
		"comment" : "not_applicable",
		"error_message" : "Access Violation at 0X00000000649B6116",
		"source_file" : "unknown",
		"line" : "0",
		"stack_trace" : "\t 0x649b6115: QtGui4 + 0x3a6115 (?qt_metacast@QMdiArea@@UEAAPEAXPEBD@Z + 0x475)\n\t 0x649b7210: QtGui4 + 0x3a7210 (?resizeEvent@QMdiArea@@MEAAXPEAVQResizeEvent@@@Z + 0x240)\n\t 0x64670bcd: QtGui4 + 0x60bcd (?event@QWidget@@MEAA_NPEAVQEvent@@@Z + 0x50d)\n\t 0x64992676: QtGui4 + 0x382676 (?event@QFrame@@MEAA_NPEAVQEvent@@@Z + 0x36)\n\t 0x6442f802: QtCore4 + 0x10f802 (?sendThroughObjectEventFilters@QCoreApplicationPrivate@@QEAA_NPEAVQObject@@PEAVQEvent@@@Z + 0x82)\n\t 0x64632e81: QtGui4 + 0x22e81 (?notify_helper@QApplicationPrivate@@QEAA_NPEAVQObject@@PEAVQEvent@@@Z + 0xe1)\n\t 0x64632b2f: QtGui4 + 0x22b2f (?notify@QApplication@@UEAA_NPEAVQObject@@PEAVQEvent@@@Z + 0x17bf)\n\t 0x6442d92b: QtCore4 + 0x10d92b (?notifyInternal@QCoreApplication@@AEAA_NPEAVQObject@@PEAVQEvent@@@Z + 0x7b)\n\t 0x646a89b6: QtGui4 + 0x989b6 (?setGeometry_sys@QWidgetPrivate@@QEAAXHHHH_N@Z + 0xa76)\n\t 0x6467c270: QtGui4 + 0x6c270 (?setGeometry@QWidget@@QEAAXAEBVQRect@@@Z + 0xb0)\n\t 0x64a040f0: QtGui4 + 0x3f40f0 (?layoutChildren@QAbstractScrollAreaPrivate@@QEAAXXZ + 0x5e0)\n\t 0x649b98c7: QtGui4 + 0x3a98c7 (?currentPlatform@QApplicationPrivate@@SAIXZ + 0x917)\n\t 0x649b8fff: QtGui4 + 0x3a8fff (?currentPlatform@QApplicationPrivate@@SAIXZ + 0x4f)\n\t 0x649b9b0a: QtGui4 + 0x3a9b0a (?viewportEvent@QMdiArea@@MEAA_NPEAVQEvent@@@Z + 0x17a)\n\t 0x6442f802: QtCore4 + 0x10f802 (?sendThroughObjectEventFilters@QCoreApplicationPrivate@@QEAA_NPEAVQObject@@PEAVQEvent@@@Z + 0x82)\n\t 0x64632e81: QtGui4 + 0x22e81 (?notify_helper@QApplicationPrivate@@QEAA_NPEAVQObject@@PEAVQEvent@@@Z + 0xe1)\n\t 0x64632b2f: QtGui4 + 0x22b2f (?notify@QApplication@@UEAA_NPEAVQObject@@PEAVQEvent@@@Z + 0x17bf)\n\t 0x6442d92b: QtCore4 + 0x10d92b (?notifyInternal@QCoreApplication@@AEAA_NPEAVQObject@@PEAVQEvent@@@Z + 0x7b)\n\t 0x649bb511: QtGui4 + 0x3ab511 (?closeEvent@QMdiSubWindow@@MEAAXPEAVQCloseEvent@@@Z + 0xa1)\n\t0x7ff8fb98e5a2: SYS_QUI + 0x3e5a2 (?closeEvent@QUI_MDI_SUB_WND@@MEAAXPEAVQCloseEvent@@@Z + 0x182)\n\t 0x64670be1: QtGui4 + 0x60be1 (?event@QWidget@@MEAA_NPEAVQEvent@@@Z + 0x521)\n\t 0x64632e95: QtGui4 + 0x22e95 (?notify_helper@QApplicationPrivate@@QEAA_NPEAVQObject@@PEAVQEvent@@@Z + 0xf5)\n\t 0x64632b2f: QtGui4 + 0x22b2f (?notify@QApplication@@UEAA_NPEAVQObject@@PEAVQEvent@@@Z + 0x17bf)\n\t 0x6442d92b: QtCore4 + 0x10d92b (?notifyInternal@QCoreApplication@@AEAA_NPEAVQObject@@PEAVQEvent@@@Z + 0x7b)\n\t 0x6466e260: QtGui4 + 0x5e260 (?close_helper@QWidgetPrivate@@QEAA_NW4CloseMode@1@@Z + 0xb0)\n\t0x7ff8fb974875: SYS_QUI + 0x24875 (?close_all_in_list@QUI_FRAME_WND@@IEAA_NV?$QList@PEAVQMdiSubWindow@@@@PEAVQMdiSubWindow@@U_GUID@@@Z + 0x215)\n\t0x7ff8fb9749c2: SYS_QUI + 0x249c2 (?close_all_windows@QUI_FRAME_WND@@QEAA_NU_GUID@@@Z + 0x102)\n\t0x7ff8fb974561: SYS_QUI + 0x24561 (?closeEvent@QUI_FRAME_WND@@MEAAXPEAVQCloseEvent@@@Z + 0x1e1)\n\t 0x64670be1: QtGui4 + 0x60be1 (?event@QWidget@@MEAA_NPEAVQEvent@@@Z + 0x521)\n\t 0x649a9d30: QtGui4 + 0x399d30 (?event@QMainWindow@@MEAA_NPEAVQEvent@@@Z + 0x280)\n\t 0x64632e95: QtGui4 + 0x22e95 (?notify_helper@QApplicationPrivate@@QEAA_NPEAVQObject@@PEAVQEvent@@@Z + 0xf5)\n\t 0x64632b2f: QtGui4 + 0x22b2f (?notify@QApplication@@UEAA_NPEAVQObject@@PEAVQEvent@@@Z + 0x17bf)\n\t 0x6442d92b: QtCore4 + 0x10d92b (?notifyInternal@QCoreApplication@@AEAA_NPEAVQObject@@PEAVQEvent@@@Z + 0x7b)\n\t 0x6466e258: QtGui4 + 0x5e258 (?close_helper@QWidgetPrivate@@QEAA_NW4CloseMode@1@@Z + 0xa8)\n\t 0x64697956: QtGui4 + 0x87956 (?winMouseButtonUp@QApplication@@SAXXZ + 0x1006)\n\t0x7ff974b48240: USER32 + 0x18240 (DispatchMessageW + 0x740)\n\t0x7ff974b47efb: USER32 + 0x17efb (DispatchMessageW + 0x3fb)\n\t0x7ff974b5302c: USER32 + 0x2302c (GetClassLongW + 0x58c)\n\t0x7ff9767b33b3: ntdll + 0xa33b3 (KiUserCallbackDispatcher + 0x23)\n\t0x7ff973e31553: win32u + 0x1553 (NtUserMessageCall + 0x13)\n\t0x7ff974b46654: USER32 + 0x16654 (GetDlgCtrlID + 0x5c4)\n\t0x7ff974b46161: USER32 + 0x16161 (GetDlgCtrlID + 0xd1)\n\t0x7ff96f88f48f: uxtheme + 0x1f48f (Ordinal43 + 0x26f)\n\t0x7ff96f873031: uxtheme + 0x3031 (GetThemeEnumValue + 0x131)\n\t0x7ff96f886d9b: uxtheme + 0x16d9b (CloseThemeData + 0x1fab)\n\t0x7ff96f885820: uxtheme + 0x15820 (CloseThemeData + 0xa30)\n\t0x7ff974b462e4: USER32 + 0x162e4 (GetDlgCtrlID + 0x254)\n\t 0x64b0bbf7: QtGui4 + 0x4fbbf7 (?widgetDestroyed@QInputContext@@UEAAXPEAVQWidget@@@Z + 0x307)\n\t 0x64697915: QtGui4 + 0x87915 (?winMouseButtonUp@QApplication@@SAXXZ + 0xfc5)\n\t0x7ff974b48240: USER32 + 0x18240 (DispatchMessageW + 0x740)\n\t0x7ff974b47efb: USER32 + 0x17efb (DispatchMessageW + 0x3fb)\n\t0x7ff974b5302c: USER32 + 0x2302c (GetClassLongW + 0x58c)\n\t0x7ff9767b33b3: ntdll + 0xa33b3 (KiUserCallbackDispatcher + 0x23)\n\t0x7ff973e314d3: win32u + 0x14d3 (NtUserPeekMessage + 0x13)\n\t0x7ff974b51b4e: USER32 + 0x21b4e (PeekMessageW + 0x1ce)\n\t0x7ff974b51a1b: USER32 + 0x21a1b (PeekMessageW + 0x9b)\n\t 0x64452663: QtCore4 + 0x132663 (?processEvents@QEventDispatcherWin32@@UEAA_NV?$QFlags@W4ProcessEventsFlag@QEventLoop@@@@@Z + 0x243)\n\t 0x64690eb4: QtGui4 + 0x80eb4 (?openPopup@QApplicationPrivate@@QEAAXPEAVQWidget@@@Z + 0x204)\n\t 0x6442a88b: QtCore4 + 0x10a88b (?exec@QEventLoop@@QEAAHV?$QFlags@W4ProcessEventsFlag@QEventLoop@@@@@Z + 0x22b)\n\t 0x6442ce6f: QtCore4 + 0x10ce6f (?exec@QCoreApplication@@SAHXZ + 0xdf)\n\t0x7ff7ac8f197b: quartus + 0x197b (?qgq_main@@YAHHPEAPEBD@Z + 0x7b)\n\t0x7ff94b512e98: CCL_MSG + 0x12e98 (?msg_main_thread@@YAPEAXPEAX@Z + 0x18)\n\t0x7ff94b51467e: CCL_MSG + 0x1467e (?msg_thread_wrapper@@YAPEAXP6APEAXPEAX@Z0@Z + 0x6e)\n\t0x7ff94b616660: ccl_mem + 0x16660 (?mem_thread_wrapper@@YAPEAXP6APEAXPEAX@Z0@Z + 0x70)\n\t0x7ff94b512761: CCL_MSG + 0x12761 (?msg_exe_main@@YAHHPEAPEBDP6AHH0@Z@Z + 0xa1)\n\t0x7ff7ac8f24e7: quartus + 0x24e7 (WinMain + 0x127)\n\t0x7ff7ac8f1e58: quartus + 0x1e58 (__tmainCRTStartup + 0x148)\n\t0x7ff974e6257c: KERNEL32 + 0x1257c (BaseThreadInitThunk + 0x1c)\n\t0x7ff97676aa57: ntdll + 0x5aa57 (RtlUserThreadStart + 0x27)\n",
		"subsystem" : "unknown"
	},
	"quartus" : {
		"quartus_bits" : "64",
		"version" : "17.1.0",
		"build" : "590",
		"edition" : "Lite Edition"
	}
}